0,Alfie,Canterdale,7932706615,
1,Val,Canterdale,7760425417,
2,Katherine,Rodriguez,(555) 345-1234,"2425 Chestnut St, Anytown,
3,Michael,Johnson,(555) 567-8901,"2627 Cedar St, Anytown,
4,Olivia,Lopez,(555) 789-0123,"2829 Cypress St, Anytown,
5,William,Wright,(555) 901-2345,"3031 Dogwood St, Anytown,
6,Evelyn,Jackson,(555) 123-4560,"3233 Fir St, Anytown,
7,David,Hernandez,(555) 345-6789,"3435 Hazelnut St, Anytown,
8,Sophia,Garcia,(555) 567-8900,"3637 Hickory St, Anytown,
9,Christopher,Lewis,(555) 789-0122,"3839 Holly St, Anytown,
10,Daniel,Robinson,(555) 901-2344,"4041 Ivy St, Anytown,
11,Victoria,Walker,(555) 123-4559,"4243 Juniper St, Anytown,
12,Andrew,Allen,(555) 345-6788,"4445 Laurel St, Anytown,
13,Emily,Martin,(555) 567-8899,"4647 Locust St, Anytown,
14,Matthew,Thomas,(555) 789-0121,"4849 Magnolia St, Anytown,
15,Madison,Moore,(555) 901-2343,"5051 Maple St, Anytown,
16,Joshua,Hernandez,(555) 123-4558,"5253 Mulberry St, Anytown,
17,Ashley,Garcia,(555) 345-6787,"5455 Oak St, Anytown,
18,James,Williams,(555) 567-8898,"5657 Olive St, Anytown,
19,Jessica,Brown,(555) 789-0120,"5859 Orange St, Anytown,
20,Joseph,Davis,(555) 901-2342,"6061 Palm St, Anytown,
21,Alexandra,Miller,(555) 123-4557,"6263 Peach St, Anytown,
22,Nicholas,Jones,(555) 345-6786,"6465 Pear St, Anytown,
23,Elizabeth,Garcia,(555) 567-8897,"6667 Pine St, Anytown,
24,Benjamin,Rodriguez,(555) 789-0119,"6869 Plum St, Anytown,
25,Megan,Lopez,(555) 901-2341,"7071 Poplar St, Anytown,
26,Samantha,Wilson,(555) 345-6785,"7475 Rose St, Anytown,
27,Ryan,Thomas,(555) 567-8896,"7677 Sage St, Anytown,
28,Sarah,Moore,(555) 789-0118,"7879 Spruce St, Anytown,
29,Michael,Hernandez,(555) 901-2340,"8081 Sunflower St, Anytown,
30,Anna,Garcia,(555) 123-4555,"8283 Sycamore St, Anytown,
31,John,Lewis,(555) 345-6784,"8485 Tamarisk St, Anytown,
32,Lauren,Robinson,(555) 567-8895,"8687 Tulip St, Anytown,
33,William,Walker,(555) 789-0117,"8889 Walnut St, Anytown,
34,David,Allen,(555) 901-2339,"9091 Willow St, Anytown,
35,Jennifer,Martin,(555) 123-4554,"9293 Wisteria St, Anytown,
36,Kevin,Thomas,(555) 345-6783,"9495 Yucca St, Anytown,
37,Amanda,Moore,(555) 567-8894,"9697 Zinnia St, Anytown,
38,Joseph,Hernandez,(555) 789-0116,"9899 Elm St, Anytown,
39,Stephanie,Garcia,(555) 901-2338,"10111 Oak St, Anytown,
40,Daniel,Lewis,(555) 123-4553,"10313 Pine St, Anytown,
41,Christopher,Robinson,(555) 345-6782,"10515 Poplar St, Anytown,
42,Andrew,Walker,(555) 567-8893,"10717 Redwood St, Anytown,
43,Matthew,Allen,(555) 789-0115,"10919 Rose St, Anytown,
44,Emily,Martin,(555) 901-2337,"11121 Sage St, Anytown,
45,Joshua,Thomas,(555) 123-4552,"11323 Spruce St, Anytown,
46,Ashley,Moore,(555) 345-6781,"11525 Sunflower St, Anytown,
47,James,Hernandez,(555) 567-8892,"11727 Sycamore St, Anytown,
48,Jessica,Garcia,(555) 789-0114,"11929 Tamarisk St, Anytown,
49,Nicholas,Lewis,(555) 901-2336,"12131 Tulip St, Anytown,
50,Test,Student,0123456789,100 Test Road,
